<?xml version="1.0" encoding="UTF-8" standalone="yes"?>
<addon id="repository.ronan-ln" name="Ronan's Kodi addon repository" version="0.0.1" provider-name="ronan-ln">
    <extension point="xbmc.addon.repository" name="Ronan's Kodi addon repository">
        <dir>
            <info 
compressed="false">https://raw.githubusercontent.com/ronan-ln/repository.ronan-ln/master/repo/zips/addons.xml</info>
            <checksum>https://raw.githubusercontent.com/ronan-ln/repository.ronan-ln/master/repo/zips/addons.xml.md5</checksum>
            <datadir zip="true">https://raw.githubusercontent.com/ronan-ln/repository.ronan-ln/master/repo/zips/</datadir>
        </dir>
    </extension>
    <extension point="xbmc.addon.metadata">
        <summary>repository.ronan-ln</summary>
        <description>Ronan's Kodi addon repository</description>
        <disclaimer></disclaimer>
        <platform>all</platform>
        <assets>
            <icon>icon.png</icon>
            <fanart>fanart.jpg</fanart>
        </assets>
    </extension>
</addon>
